{"coefficients": [0.4366932931343242, 0.00943577803323799, -0.10732204139090373, 0.6450656935198109, -3.976389421194229e-06, -0.00378654265497092, -0.4213143775271443, -0.4345137546747775], "intercept": -36.94192020718444}